<?xml version="1.0" encoding="UTF-8"?>
<GenRun Id="pu_2_synth_1" LaunchPart="xc7z020clg400-1" LaunchTime="1679416548">
  <File Type="RDS-RDS" Name="pu.vds"/>
  <File Type="REPORTS-TCL" Name="pu_reports.tcl"/>
  <File Type="PA-TCL" Name="pu.tcl"/>
  <File Type="RDS-DCP" Name="pu.dcp"/>
  <File Type="RDS-UTIL" Name="pu_utilization_synth.rpt"/>
  <File Type="RDS-UTIL-PB" Name="pu_utilization_synth.pb"/>
  <FileSet Name="sources" Type="BlockSrcs" RelSrcDir="$PSRCDIR/pu_2">
    <File Path="$PSRCDIR/pu_2/imports/source/pu_a.vhd">
      <FileInfo>
        <Attr Name="ImportPath" Val="$PPRDIR/../../../../../Téléchargements/BE_FPGA_DPR_M4/image_avec_mb/Fpga_ML402/Synth/PU/PU_A/source/pu_a.vhd"/>
        <Attr Name="ImportTime" Val="1294419336"/>
        <Attr Name="UsedIn" Val="synthesis"/>
        <Attr Name="UsedIn" Val="simulation"/>
      </FileInfo>
    </File>
    <Config>
      <Option Name="TopModule" Val="pu"/>
      <Option Name="TopAutoSet" Val="TRUE"/>
      <Option Name="UseBlackboxStub" Val="1"/>
    </Config>
  </FileSet>
  <FileSet Name="constrs_in" Type="BlockSrcs" RelSrcDir="$PSRCDIR/pu_2">
    <File Path="$PSRCDIR/pu_2/imports/source/pu_a.vhd">
      <FileInfo>
        <Attr Name="ImportPath" Val="$PPRDIR/../../../../../Téléchargements/BE_FPGA_DPR_M4/image_avec_mb/Fpga_ML402/Synth/PU/PU_A/source/pu_a.vhd"/>
        <Attr Name="ImportTime" Val="1294419336"/>
        <Attr Name="UsedIn" Val="synthesis"/>
        <Attr Name="UsedIn" Val="simulation"/>
      </FileInfo>
    </File>
    <Config>
      <Option Name="TopModule" Val="pu"/>
      <Option Name="TopAutoSet" Val="TRUE"/>
      <Option Name="UseBlackboxStub" Val="1"/>
    </Config>
  </FileSet>
  <FileSet Name="utils" Type="Utils" RelSrcDir="$PSRCDIR/utils_1">
    <Filter Type="Utils"/>
    <File Path="$PSRCDIR/utils_1/imports/synth_1/top.dcp">
      <FileInfo>
        <Attr Name="ImportPath" Val="$PPRDIR/../../../../../Documents/FPGA/BCB/BCB.srcs/utils_1/imports/synth_1/top.dcp"/>
        <Attr Name="ImportTime" Val="1679072395"/>
        <Attr Name="UsedIn" Val="synthesis"/>
        <Attr Name="UsedIn" Val="implementation"/>
        <Attr Name="UsedInSteps" Val="synth_1"/>
        <Attr Name="AutoDcp" Val="1"/>
      </FileInfo>
    </File>
    <Config>
      <Option Name="TopAutoSet" Val="TRUE"/>
    </Config>
  </FileSet>
  <Strategy Version="1" Minor="2">
    <StratHandle Name="Vivado Synthesis Defaults" Flow="Vivado Synthesis 2021"/>
    <Step Id="synth_design"/>
  </Strategy>
</GenRun>
