<?xml version="1.0" encoding="UTF-8"?>
<spirit:component xmlns:xilinx="http://www.xilinx.com" xmlns:spirit="http://www.spiritconsortium.org/XMLSchema/SPIRIT/1685-2009" xmlns:xsi="http://www.w3.org/2001/XMLSchema-instance">
  <spirit:vendor>user.org</spirit:vendor>
  <spirit:library>user</spirit:library>
  <spirit:name>VGA_Disp</spirit:name>
  <spirit:version>1.0</spirit:version>
  <spirit:busInterfaces>
    <spirit:busInterface>
      <spirit:name>S00_AXI</spirit:name>
      <spirit:busType spirit:vendor="xilinx.com" spirit:library="interface" spirit:name="aximm" spirit:version="1.0"/>
      <spirit:abstractionType spirit:vendor="xilinx.com" spirit:library="interface" spirit:name="aximm_rtl" spirit:version="1.0"/>
      <spirit:slave>
        <spirit:memoryMapRef spirit:memoryMapRef="S00_AXI"/>
      </spirit:slave>
      <spirit:portMaps>
        <spirit:portMap>
          <spirit:logicalPort>
            <spirit:name>AWADDR</spirit:name>
          </spirit:logicalPort>
          <spirit:physicalPort>
            <spirit:name>s00_axi_awaddr</spirit:name>
          </spirit:physicalPort>
        </spirit:portMap>
        <spirit:portMap>
          <spirit:logicalPort>
            <spirit:name>AWPROT</spirit:name>
          </spirit:logicalPort>
          <spirit:physicalPort>
            <spirit:name>s00_axi_awprot</spirit:name>
          </spirit:physicalPort>
        </spirit:portMap>
        <spirit:portMap>
          <spirit:logicalPort>
            <spirit:name>AWVALID</spirit:name>
          </spirit:logicalPort>
          <spirit:physicalPort>
            <spirit:name>s00_axi_awvalid</spirit:name>
          </spirit:physicalPort>
        </spirit:portMap>
        <spirit:portMap>
          <spirit:logicalPort>
            <spirit:name>AWREADY</spirit:name>
          </spirit:logicalPort>
          <spirit:physicalPort>
            <spirit:name>s00_axi_awready</spirit:name>
          </spirit:physicalPort>
        </spirit:portMap>
        <spirit:portMap>
          <spirit:logicalPort>
            <spirit:name>WDATA</spirit:name>
          </spirit:logicalPort>
          <spirit:physicalPort>
            <spirit:name>s00_axi_wdata</spirit:name>
          </spirit:physicalPort>
        </spirit:portMap>
        <spirit:portMap>
          <spirit:logicalPort>
            <spirit:name>WSTRB</spirit:name>
          </spirit:logicalPort>
          <spirit:physicalPort>
            <spirit:name>s00_axi_wstrb</spirit:name>
          </spirit:physicalPort>
        </spirit:portMap>
        <spirit:portMap>
          <spirit:logicalPort>
            <spirit:name>WVALID</spirit:name>
          </spirit:logicalPort>
          <spirit:physicalPort>
            <spirit:name>s00_axi_wvalid</spirit:name>
          </spirit:physicalPort>
        </spirit:portMap>
        <spirit:portMap>
          <spirit:logicalPort>
            <spirit:name>WREADY</spirit:name>
          </spirit:logicalPort>
          <spirit:physicalPort>
            <spirit:name>s00_axi_wready</spirit:name>
          </spirit:physicalPort>
        </spirit:portMap>
        <spirit:portMap>
          <spirit:logicalPort>
            <spirit:name>BRESP</spirit:name>
          </spirit:logicalPort>
          <spirit:physicalPort>
            <spirit:name>s00_axi_bresp</spirit:name>
          </spirit:physicalPort>
        </spirit:portMap>
        <spirit:portMap>
          <spirit:logicalPort>
            <spirit:name>BVALID</spirit:name>
          </spirit:logicalPort>
          <spirit:physicalPort>
            <spirit:name>s00_axi_bvalid</spirit:name>
          </spirit:physicalPort>
        </spirit:portMap>
        <spirit:portMap>
          <spirit:logicalPort>
            <spirit:name>BREADY</spirit:name>
          </spirit:logicalPort>
          <spirit:physicalPort>
            <spirit:name>s00_axi_bready</spirit:name>
          </spirit:physicalPort>
        </spirit:portMap>
        <spirit:portMap>
          <spirit:logicalPort>
            <spirit:name>ARADDR</spirit:name>
          </spirit:logicalPort>
          <spirit:physicalPort>
            <spirit:name>s00_axi_araddr</spirit:name>
          </spirit:physicalPort>
        </spirit:portMap>
        <spirit:portMap>
          <spirit:logicalPort>
            <spirit:name>ARPROT</spirit:name>
          </spirit:logicalPort>
          <spirit:physicalPort>
            <spirit:name>s00_axi_arprot</spirit:name>
          </spirit:physicalPort>
        </spirit:portMap>
        <spirit:portMap>
          <spirit:logicalPort>
            <spirit:name>ARVALID</spirit:name>
          </spirit:logicalPort>
          <spirit:physicalPort>
            <spirit:name>s00_axi_arvalid</spirit:name>
          </spirit:physicalPort>
        </spirit:portMap>
        <spirit:portMap>
          <spirit:logicalPort>
            <spirit:name>ARREADY</spirit:name>
          </spirit:logicalPort>
          <spirit:physicalPort>
            <spirit:name>s00_axi_arready</spirit:name>
          </spirit:physicalPort>
        </spirit:portMap>
        <spirit:portMap>
          <spirit:logicalPort>
            <spirit:name>RDATA</spirit:name>
          </spirit:logicalPort>
          <spirit:physicalPort>
            <spirit:name>s00_axi_rdata</spirit:name>
          </spirit:physicalPort>
        </spirit:portMap>
        <spirit:portMap>
          <spirit:logicalPort>
            <spirit:name>RRESP</spirit:name>
          </spirit:logicalPort>
          <spirit:physicalPort>
            <spirit:name>s00_axi_rresp</spirit:name>
          </spirit:physicalPort>
        </spirit:portMap>
        <spirit:portMap>
          <spirit:logicalPort>
            <spirit:name>RVALID</spirit:name>
          </spirit:logicalPort>
          <spirit:physicalPort>
            <spirit:name>s00_axi_rvalid</spirit:name>
          </spirit:physicalPort>
        </spirit:portMap>
        <spirit:portMap>
          <spirit:logicalPort>
            <spirit:name>RREADY</spirit:name>
          </spirit:logicalPort>
          <spirit:physicalPort>
            <spirit:name>s00_axi_rready</spirit:name>
          </spirit:physicalPort>
        </spirit:portMap>
      </spirit:portMaps>
      <spirit:parameters>
        <spirit:parameter>
          <spirit:name>WIZ_DATA_WIDTH</spirit:name>
          <spirit:value spirit:format="long" spirit:id="BUSIFPARAM_VALUE.S00_AXI.WIZ_DATA_WIDTH" spirit:choiceRef="choice_list_6fc15197">32</spirit:value>
        </spirit:parameter>
        <spirit:parameter>
          <spirit:name>WIZ_NUM_REG</spirit:name>
          <spirit:value spirit:format="long" spirit:id="BUSIFPARAM_VALUE.S00_AXI.WIZ_NUM_REG" spirit:minimum="4" spirit:maximum="512" spirit:rangeType="long">4</spirit:value>
        </spirit:parameter>
        <spirit:parameter>
          <spirit:name>SUPPORTS_NARROW_BURST</spirit:name>
          <spirit:value spirit:format="long" spirit:id="BUSIFPARAM_VALUE.S00_AXI.SUPPORTS_NARROW_BURST" spirit:choiceRef="choice_pairs_ce1226b1">0</spirit:value>
        </spirit:parameter>
      </spirit:parameters>
    </spirit:busInterface>
    <spirit:busInterface>
      <spirit:name>S00_AXI_RST</spirit:name>
      <spirit:busType spirit:vendor="xilinx.com" spirit:library="signal" spirit:name="reset" spirit:version="1.0"/>
      <spirit:abstractionType spirit:vendor="xilinx.com" spirit:library="signal" spirit:name="reset_rtl" spirit:version="1.0"/>
      <spirit:slave/>
      <spirit:portMaps>
        <spirit:portMap>
          <spirit:logicalPort>
            <spirit:name>RST</spirit:name>
          </spirit:logicalPort>
          <spirit:physicalPort>
            <spirit:name>s00_axi_aresetn</spirit:name>
          </spirit:physicalPort>
        </spirit:portMap>
      </spirit:portMaps>
      <spirit:parameters>
        <spirit:parameter>
          <spirit:name>POLARITY</spirit:name>
          <spirit:value spirit:id="BUSIFPARAM_VALUE.S00_AXI_RST.POLARITY" spirit:choiceRef="choice_list_9d8b0d81">ACTIVE_LOW</spirit:value>
        </spirit:parameter>
      </spirit:parameters>
    </spirit:busInterface>
    <spirit:busInterface>
      <spirit:name>S00_AXI_CLK</spirit:name>
      <spirit:busType spirit:vendor="xilinx.com" spirit:library="signal" spirit:name="clock" spirit:version="1.0"/>
      <spirit:abstractionType spirit:vendor="xilinx.com" spirit:library="signal" spirit:name="clock_rtl" spirit:version="1.0"/>
      <spirit:slave/>
      <spirit:portMaps>
        <spirit:portMap>
          <spirit:logicalPort>
            <spirit:name>CLK</spirit:name>
          </spirit:logicalPort>
          <spirit:physicalPort>
            <spirit:name>s00_axi_aclk</spirit:name>
          </spirit:physicalPort>
        </spirit:portMap>
      </spirit:portMaps>
      <spirit:parameters>
        <spirit:parameter>
          <spirit:name>ASSOCIATED_BUSIF</spirit:name>
          <spirit:value spirit:id="BUSIFPARAM_VALUE.S00_AXI_CLK.ASSOCIATED_BUSIF">S00_AXI</spirit:value>
        </spirit:parameter>
        <spirit:parameter>
          <spirit:name>ASSOCIATED_RESET</spirit:name>
          <spirit:value spirit:id="BUSIFPARAM_VALUE.S00_AXI_CLK.ASSOCIATED_RESET">s00_axi_aresetn</spirit:value>
        </spirit:parameter>
      </spirit:parameters>
    </spirit:busInterface>
    <spirit:busInterface>
      <spirit:name>interrupt</spirit:name>
      <spirit:busType spirit:vendor="xilinx.com" spirit:library="signal" spirit:name="interrupt" spirit:version="1.0"/>
      <spirit:abstractionType spirit:vendor="xilinx.com" spirit:library="signal" spirit:name="interrupt_rtl" spirit:version="1.0"/>
      <spirit:master/>
      <spirit:portMaps>
        <spirit:portMap>
          <spirit:logicalPort>
            <spirit:name>INTERRUPT</spirit:name>
          </spirit:logicalPort>
          <spirit:physicalPort>
            <spirit:name>interrupt</spirit:name>
          </spirit:physicalPort>
        </spirit:portMap>
      </spirit:portMaps>
      <spirit:parameters>
        <spirit:parameter>
          <spirit:name>SENSITIVITY</spirit:name>
          <spirit:value spirit:id="BUSIFPARAM_VALUE.INTERRUPT.SENSITIVITY" spirit:choiceRef="choice_list_99a1d2b9">LEVEL_HIGH</spirit:value>
        </spirit:parameter>
      </spirit:parameters>
    </spirit:busInterface>
  </spirit:busInterfaces>
  <spirit:memoryMaps>
    <spirit:memoryMap>
      <spirit:name>S00_AXI</spirit:name>
      <spirit:addressBlock>
        <spirit:name>S00_AXI_reg</spirit:name>
        <spirit:baseAddress spirit:format="long" spirit:resolve="user">0</spirit:baseAddress>
        <spirit:range spirit:format="long">4096</spirit:range>
        <spirit:width spirit:format="long">32</spirit:width>
        <spirit:usage>register</spirit:usage>
        <spirit:parameters>
          <spirit:parameter>
            <spirit:name>OFFSET_BASE_PARAM</spirit:name>
            <spirit:value spirit:id="ADDRBLOCKPARAM_VALUE.S00_AXI.S00_AXI_REG.OFFSET_BASE_PARAM">C_S00_AXI_BASEADDR</spirit:value>
          </spirit:parameter>
          <spirit:parameter>
            <spirit:name>OFFSET_HIGH_PARAM</spirit:name>
            <spirit:value spirit:id="ADDRBLOCKPARAM_VALUE.S00_AXI.S00_AXI_REG.OFFSET_HIGH_PARAM">C_S00_AXI_HIGHADDR</spirit:value>
          </spirit:parameter>
        </spirit:parameters>
      </spirit:addressBlock>
    </spirit:memoryMap>
  </spirit:memoryMaps>
  <spirit:model>
    <spirit:views>
      <spirit:view>
        <spirit:name>xilinx_vhdlsynthesis</spirit:name>
        <spirit:displayName>VHDL Synthesis</spirit:displayName>
        <spirit:envIdentifier>vhdlSource:vivado.xilinx.com:synthesis</spirit:envIdentifier>
        <spirit:language>vhdl</spirit:language>
        <spirit:modelName>VGA_Disp_v1_0</spirit:modelName>
        <spirit:fileSetRef>
          <spirit:localName>xilinx_vhdlsynthesis_view_fileset</spirit:localName>
        </spirit:fileSetRef>
        <spirit:parameters>
          <spirit:parameter>
            <spirit:name>viewChecksum</spirit:name>
            <spirit:value>acfe10d2</spirit:value>
          </spirit:parameter>
        </spirit:parameters>
      </spirit:view>
      <spirit:view>
        <spirit:name>xilinx_vhdlbehavioralsimulation</spirit:name>
        <spirit:displayName>VHDL Simulation</spirit:displayName>
        <spirit:envIdentifier>vhdlSource:vivado.xilinx.com:simulation</spirit:envIdentifier>
        <spirit:language>vhdl</spirit:language>
        <spirit:modelName>VGA_Disp_v1_0</spirit:modelName>
        <spirit:fileSetRef>
          <spirit:localName>xilinx_vhdlbehavioralsimulation_view_fileset</spirit:localName>
        </spirit:fileSetRef>
        <spirit:parameters>
          <spirit:parameter>
            <spirit:name>viewChecksum</spirit:name>
            <spirit:value>acfe10d2</spirit:value>
          </spirit:parameter>
        </spirit:parameters>
      </spirit:view>
      <spirit:view>
        <spirit:name>xilinx_softwaredriver</spirit:name>
        <spirit:displayName>Software Driver</spirit:displayName>
        <spirit:envIdentifier>:vivado.xilinx.com:sw.driver</spirit:envIdentifier>
        <spirit:fileSetRef>
          <spirit:localName>xilinx_softwaredriver_view_fileset</spirit:localName>
        </spirit:fileSetRef>
        <spirit:parameters>
          <spirit:parameter>
            <spirit:name>viewChecksum</spirit:name>
            <spirit:value>4036a865</spirit:value>
          </spirit:parameter>
        </spirit:parameters>
      </spirit:view>
      <spirit:view>
        <spirit:name>xilinx_xpgui</spirit:name>
        <spirit:displayName>UI Layout</spirit:displayName>
        <spirit:envIdentifier>:vivado.xilinx.com:xgui.ui</spirit:envIdentifier>
        <spirit:fileSetRef>
          <spirit:localName>xilinx_xpgui_view_fileset</spirit:localName>
        </spirit:fileSetRef>
        <spirit:parameters>
          <spirit:parameter>
            <spirit:name>viewChecksum</spirit:name>
            <spirit:value>080b65eb</spirit:value>
          </spirit:parameter>
        </spirit:parameters>
      </spirit:view>
      <spirit:view>
        <spirit:name>bd_tcl</spirit:name>
        <spirit:displayName>Block Diagram</spirit:displayName>
        <spirit:envIdentifier>:vivado.xilinx.com:block.diagram</spirit:envIdentifier>
        <spirit:fileSetRef>
          <spirit:localName>bd_tcl_view_fileset</spirit:localName>
        </spirit:fileSetRef>
        <spirit:parameters>
          <spirit:parameter>
            <spirit:name>viewChecksum</spirit:name>
            <spirit:value>45a2f450</spirit:value>
          </spirit:parameter>
        </spirit:parameters>
      </spirit:view>
    </spirit:views>
    <spirit:ports>
      <spirit:port>
        <spirit:name>synch</spirit:name>
        <spirit:wire>
          <spirit:direction>out</spirit:direction>
          <spirit:wireTypeDefs>
            <spirit:wireTypeDef>
              <spirit:typeName>std_logic</spirit:typeName>
              <spirit:viewNameRef>xilinx_vhdlsynthesis</spirit:viewNameRef>
              <spirit:viewNameRef>xilinx_vhdlbehavioralsimulation</spirit:viewNameRef>
            </spirit:wireTypeDef>
          </spirit:wireTypeDefs>
        </spirit:wire>
      </spirit:port>
      <spirit:port>
        <spirit:name>syncv</spirit:name>
        <spirit:wire>
          <spirit:direction>out</spirit:direction>
          <spirit:wireTypeDefs>
            <spirit:wireTypeDef>
              <spirit:typeName>std_logic</spirit:typeName>
              <spirit:viewNameRef>xilinx_vhdlsynthesis</spirit:viewNameRef>
              <spirit:viewNameRef>xilinx_vhdlbehavioralsimulation</spirit:viewNameRef>
            </spirit:wireTypeDef>
          </spirit:wireTypeDefs>
        </spirit:wire>
      </spirit:port>
      <spirit:port>
        <spirit:name>video</spirit:name>
        <spirit:wire>
          <spirit:direction>out</spirit:direction>
          <spirit:wireTypeDefs>
            <spirit:wireTypeDef>
              <spirit:typeName>std_logic</spirit:typeName>
              <spirit:viewNameRef>xilinx_vhdlsynthesis</spirit:viewNameRef>
              <spirit:viewNameRef>xilinx_vhdlbehavioralsimulation</spirit:viewNameRef>
            </spirit:wireTypeDef>
          </spirit:wireTypeDefs>
        </spirit:wire>
      </spirit:port>
      <spirit:port>
        <spirit:name>interrupt</spirit:name>
        <spirit:wire>
          <spirit:direction>out</spirit:direction>
          <spirit:wireTypeDefs>
            <spirit:wireTypeDef>
              <spirit:typeName>std_logic</spirit:typeName>
              <spirit:viewNameRef>xilinx_vhdlsynthesis</spirit:viewNameRef>
              <spirit:viewNameRef>xilinx_vhdlbehavioralsimulation</spirit:viewNameRef>
            </spirit:wireTypeDef>
          </spirit:wireTypeDefs>
        </spirit:wire>
      </spirit:port>
      <spirit:port>
        <spirit:name>RGB</spirit:name>
        <spirit:wire>
          <spirit:direction>out</spirit:direction>
          <spirit:vector>
            <spirit:left spirit:format="long">23</spirit:left>
            <spirit:right spirit:format="long">0</spirit:right>
          </spirit:vector>
          <spirit:wireTypeDefs>
            <spirit:wireTypeDef>
              <spirit:typeName>std_logic_vector</spirit:typeName>
              <spirit:viewNameRef>xilinx_vhdlsynthesis</spirit:viewNameRef>
              <spirit:viewNameRef>xilinx_vhdlbehavioralsimulation</spirit:viewNameRef>
            </spirit:wireTypeDef>
          </spirit:wireTypeDefs>
        </spirit:wire>
      </spirit:port>
      <spirit:port>
        <spirit:name>addr_mem_signal</spirit:name>
        <spirit:wire>
          <spirit:direction>out</spirit:direction>
          <spirit:vector>
            <spirit:left spirit:format="long">15</spirit:left>
            <spirit:right spirit:format="long">0</spirit:right>
          </spirit:vector>
          <spirit:wireTypeDefs>
            <spirit:wireTypeDef>
              <spirit:typeName>STD_LOGIC_VECTOR</spirit:typeName>
              <spirit:viewNameRef>xilinx_vhdlsynthesis</spirit:viewNameRef>
              <spirit:viewNameRef>xilinx_vhdlbehavioralsimulation</spirit:viewNameRef>
            </spirit:wireTypeDef>
          </spirit:wireTypeDefs>
        </spirit:wire>
      </spirit:port>
      <spirit:port>
        <spirit:name>data_mem</spirit:name>
        <spirit:wire>
          <spirit:direction>in</spirit:direction>
          <spirit:vector>
            <spirit:left spirit:format="long">23</spirit:left>
            <spirit:right spirit:format="long">0</spirit:right>
          </spirit:vector>
          <spirit:wireTypeDefs>
            <spirit:wireTypeDef>
              <spirit:typeName>STD_LOGIC_VECTOR</spirit:typeName>
              <spirit:viewNameRef>xilinx_vhdlsynthesis</spirit:viewNameRef>
              <spirit:viewNameRef>xilinx_vhdlbehavioralsimulation</spirit:viewNameRef>
            </spirit:wireTypeDef>
          </spirit:wireTypeDefs>
        </spirit:wire>
      </spirit:port>
      <spirit:port>
        <spirit:name>s00_axi_aclk</spirit:name>
        <spirit:wire>
          <spirit:direction>in</spirit:direction>
          <spirit:wireTypeDefs>
            <spirit:wireTypeDef>
              <spirit:typeName>std_logic</spirit:typeName>
              <spirit:viewNameRef>xilinx_vhdlsynthesis</spirit:viewNameRef>
              <spirit:viewNameRef>xilinx_vhdlbehavioralsimulation</spirit:viewNameRef>
            </spirit:wireTypeDef>
          </spirit:wireTypeDefs>
        </spirit:wire>
      </spirit:port>
      <spirit:port>
        <spirit:name>s00_axi_aresetn</spirit:name>
        <spirit:wire>
          <spirit:direction>in</spirit:direction>
          <spirit:wireTypeDefs>
            <spirit:wireTypeDef>
              <spirit:typeName>std_logic</spirit:typeName>
              <spirit:viewNameRef>xilinx_vhdlsynthesis</spirit:viewNameRef>
              <spirit:viewNameRef>xilinx_vhdlbehavioralsimulation</spirit:viewNameRef>
            </spirit:wireTypeDef>
          </spirit:wireTypeDefs>
        </spirit:wire>
      </spirit:port>
      <spirit:port>
        <spirit:name>s00_axi_awaddr</spirit:name>
        <spirit:wire>
          <spirit:direction>in</spirit:direction>
          <spirit:vector>
            <spirit:left spirit:format="long" spirit:resolve="dependent" spirit:dependency="(spirit:decode(id(&apos;MODELPARAM_VALUE.C_S00_AXI_ADDR_WIDTH&apos;)) - 1)">3</spirit:left>
            <spirit:right spirit:format="long">0</spirit:right>
          </spirit:vector>
          <spirit:wireTypeDefs>
            <spirit:wireTypeDef>
              <spirit:typeName>std_logic_vector</spirit:typeName>
              <spirit:viewNameRef>xilinx_vhdlsynthesis</spirit:viewNameRef>
              <spirit:viewNameRef>xilinx_vhdlbehavioralsimulation</spirit:viewNameRef>
            </spirit:wireTypeDef>
          </spirit:wireTypeDefs>
        </spirit:wire>
      </spirit:port>
      <spirit:port>
        <spirit:name>s00_axi_awprot</spirit:name>
        <spirit:wire>
          <spirit:direction>in</spirit:direction>
          <spirit:vector>
            <spirit:left spirit:format="long">2</spirit:left>
            <spirit:right spirit:format="long">0</spirit:right>
          </spirit:vector>
          <spirit:wireTypeDefs>
            <spirit:wireTypeDef>
              <spirit:typeName>std_logic_vector</spirit:typeName>
              <spirit:viewNameRef>xilinx_vhdlsynthesis</spirit:viewNameRef>
              <spirit:viewNameRef>xilinx_vhdlbehavioralsimulation</spirit:viewNameRef>
            </spirit:wireTypeDef>
          </spirit:wireTypeDefs>
        </spirit:wire>
      </spirit:port>
      <spirit:port>
        <spirit:name>s00_axi_awvalid</spirit:name>
        <spirit:wire>
          <spirit:direction>in</spirit:direction>
          <spirit:wireTypeDefs>
            <spirit:wireTypeDef>
              <spirit:typeName>std_logic</spirit:typeName>
              <spirit:viewNameRef>xilinx_vhdlsynthesis</spirit:viewNameRef>
              <spirit:viewNameRef>xilinx_vhdlbehavioralsimulation</spirit:viewNameRef>
            </spirit:wireTypeDef>
          </spirit:wireTypeDefs>
        </spirit:wire>
      </spirit:port>
      <spirit:port>
        <spirit:name>s00_axi_awready</spirit:name>
        <spirit:wire>
          <spirit:direction>out</spirit:direction>
          <spirit:wireTypeDefs>
            <spirit:wireTypeDef>
              <spirit:typeName>std_logic</spirit:typeName>
              <spirit:viewNameRef>xilinx_vhdlsynthesis</spirit:viewNameRef>
              <spirit:viewNameRef>xilinx_vhdlbehavioralsimulation</spirit:viewNameRef>
            </spirit:wireTypeDef>
          </spirit:wireTypeDefs>
        </spirit:wire>
      </spirit:port>
      <spirit:port>
        <spirit:name>s00_axi_wdata</spirit:name>
        <spirit:wire>
          <spirit:direction>in</spirit:direction>
          <spirit:vector>
            <spirit:left spirit:format="long" spirit:resolve="dependent" spirit:dependency="(spirit:decode(id(&apos;MODELPARAM_VALUE.C_S00_AXI_DATA_WIDTH&apos;)) - 1)">31</spirit:left>
            <spirit:right spirit:format="long">0</spirit:right>
          </spirit:vector>
          <spirit:wireTypeDefs>
            <spirit:wireTypeDef>
              <spirit:typeName>std_logic_vector</spirit:typeName>
              <spirit:viewNameRef>xilinx_vhdlsynthesis</spirit:viewNameRef>
              <spirit:viewNameRef>xilinx_vhdlbehavioralsimulation</spirit:viewNameRef>
            </spirit:wireTypeDef>
          </spirit:wireTypeDefs>
        </spirit:wire>
      </spirit:port>
      <spirit:port>
        <spirit:name>s00_axi_wstrb</spirit:name>
        <spirit:wire>
          <spirit:direction>in</spirit:direction>
          <spirit:vector>
            <spirit:left spirit:format="long" spirit:resolve="dependent" spirit:dependency="((spirit:decode(id(&apos;MODELPARAM_VALUE.C_S00_AXI_DATA_WIDTH&apos;)) / 8) - 1)">3</spirit:left>
            <spirit:right spirit:format="long">0</spirit:right>
          </spirit:vector>
          <spirit:wireTypeDefs>
            <spirit:wireTypeDef>
              <spirit:typeName>std_logic_vector</spirit:typeName>
              <spirit:viewNameRef>xilinx_vhdlsynthesis</spirit:viewNameRef>
              <spirit:viewNameRef>xilinx_vhdlbehavioralsimulation</spirit:viewNameRef>
            </spirit:wireTypeDef>
          </spirit:wireTypeDefs>
        </spirit:wire>
      </spirit:port>
      <spirit:port>
        <spirit:name>s00_axi_wvalid</spirit:name>
        <spirit:wire>
          <spirit:direction>in</spirit:direction>
          <spirit:wireTypeDefs>
            <spirit:wireTypeDef>
              <spirit:typeName>std_logic</spirit:typeName>
              <spirit:viewNameRef>xilinx_vhdlsynthesis</spirit:viewNameRef>
              <spirit:viewNameRef>xilinx_vhdlbehavioralsimulation</spirit:viewNameRef>
            </spirit:wireTypeDef>
          </spirit:wireTypeDefs>
        </spirit:wire>
      </spirit:port>
      <spirit:port>
        <spirit:name>s00_axi_wready</spirit:name>
        <spirit:wire>
          <spirit:direction>out</spirit:direction>
          <spirit:wireTypeDefs>
            <spirit:wireTypeDef>
              <spirit:typeName>std_logic</spirit:typeName>
              <spirit:viewNameRef>xilinx_vhdlsynthesis</spirit:viewNameRef>
              <spirit:viewNameRef>xilinx_vhdlbehavioralsimulation</spirit:viewNameRef>
            </spirit:wireTypeDef>
          </spirit:wireTypeDefs>
        </spirit:wire>
      </spirit:port>
      <spirit:port>
        <spirit:name>s00_axi_bresp</spirit:name>
        <spirit:wire>
          <spirit:direction>out</spirit:direction>
          <spirit:vector>
            <spirit:left spirit:format="long">1</spirit:left>
            <spirit:right spirit:format="long">0</spirit:right>
          </spirit:vector>
          <spirit:wireTypeDefs>
            <spirit:wireTypeDef>
              <spirit:typeName>std_logic_vector</spirit:typeName>
              <spirit:viewNameRef>xilinx_vhdlsynthesis</spirit:viewNameRef>
              <spirit:viewNameRef>xilinx_vhdlbehavioralsimulation</spirit:viewNameRef>
            </spirit:wireTypeDef>
          </spirit:wireTypeDefs>
        </spirit:wire>
      </spirit:port>
      <spirit:port>
        <spirit:name>s00_axi_bvalid</spirit:name>
        <spirit:wire>
          <spirit:direction>out</spirit:direction>
          <spirit:wireTypeDefs>
            <spirit:wireTypeDef>
              <spirit:typeName>std_logic</spirit:typeName>
              <spirit:viewNameRef>xilinx_vhdlsynthesis</spirit:viewNameRef>
              <spirit:viewNameRef>xilinx_vhdlbehavioralsimulation</spirit:viewNameRef>
            </spirit:wireTypeDef>
          </spirit:wireTypeDefs>
        </spirit:wire>
      </spirit:port>
      <spirit:port>
        <spirit:name>s00_axi_bready</spirit:name>
        <spirit:wire>
          <spirit:direction>in</spirit:direction>
          <spirit:wireTypeDefs>
            <spirit:wireTypeDef>
              <spirit:typeName>std_logic</spirit:typeName>
              <spirit:viewNameRef>xilinx_vhdlsynthesis</spirit:viewNameRef>
              <spirit:viewNameRef>xilinx_vhdlbehavioralsimulation</spirit:viewNameRef>
            </spirit:wireTypeDef>
          </spirit:wireTypeDefs>
        </spirit:wire>
      </spirit:port>
      <spirit:port>
        <spirit:name>s00_axi_araddr</spirit:name>
        <spirit:wire>
          <spirit:direction>in</spirit:direction>
          <spirit:vector>
            <spirit:left spirit:format="long" spirit:resolve="dependent" spirit:dependency="(spirit:decode(id(&apos;MODELPARAM_VALUE.C_S00_AXI_ADDR_WIDTH&apos;)) - 1)">3</spirit:left>
            <spirit:right spirit:format="long">0</spirit:right>
          </spirit:vector>
          <spirit:wireTypeDefs>
            <spirit:wireTypeDef>
              <spirit:typeName>std_logic_vector</spirit:typeName>
              <spirit:viewNameRef>xilinx_vhdlsynthesis</spirit:viewNameRef>
              <spirit:viewNameRef>xilinx_vhdlbehavioralsimulation</spirit:viewNameRef>
            </spirit:wireTypeDef>
          </spirit:wireTypeDefs>
        </spirit:wire>
      </spirit:port>
      <spirit:port>
        <spirit:name>s00_axi_arprot</spirit:name>
        <spirit:wire>
          <spirit:direction>in</spirit:direction>
          <spirit:vector>
            <spirit:left spirit:format="long">2</spirit:left>
            <spirit:right spirit:format="long">0</spirit:right>
          </spirit:vector>
          <spirit:wireTypeDefs>
            <spirit:wireTypeDef>
              <spirit:typeName>std_logic_vector</spirit:typeName>
              <spirit:viewNameRef>xilinx_vhdlsynthesis</spirit:viewNameRef>
              <spirit:viewNameRef>xilinx_vhdlbehavioralsimulation</spirit:viewNameRef>
            </spirit:wireTypeDef>
          </spirit:wireTypeDefs>
        </spirit:wire>
      </spirit:port>
      <spirit:port>
        <spirit:name>s00_axi_arvalid</spirit:name>
        <spirit:wire>
          <spirit:direction>in</spirit:direction>
          <spirit:wireTypeDefs>
            <spirit:wireTypeDef>
              <spirit:typeName>std_logic</spirit:typeName>
              <spirit:viewNameRef>xilinx_vhdlsynthesis</spirit:viewNameRef>
              <spirit:viewNameRef>xilinx_vhdlbehavioralsimulation</spirit:viewNameRef>
            </spirit:wireTypeDef>
          </spirit:wireTypeDefs>
        </spirit:wire>
      </spirit:port>
      <spirit:port>
        <spirit:name>s00_axi_arready</spirit:name>
        <spirit:wire>
          <spirit:direction>out</spirit:direction>
          <spirit:wireTypeDefs>
            <spirit:wireTypeDef>
              <spirit:typeName>std_logic</spirit:typeName>
              <spirit:viewNameRef>xilinx_vhdlsynthesis</spirit:viewNameRef>
              <spirit:viewNameRef>xilinx_vhdlbehavioralsimulation</spirit:viewNameRef>
            </spirit:wireTypeDef>
          </spirit:wireTypeDefs>
        </spirit:wire>
      </spirit:port>
      <spirit:port>
        <spirit:name>s00_axi_rdata</spirit:name>
        <spirit:wire>
          <spirit:direction>out</spirit:direction>
          <spirit:vector>
            <spirit:left spirit:format="long" spirit:resolve="dependent" spirit:dependency="(spirit:decode(id(&apos;MODELPARAM_VALUE.C_S00_AXI_DATA_WIDTH&apos;)) - 1)">31</spirit:left>
            <spirit:right spirit:format="long">0</spirit:right>
          </spirit:vector>
          <spirit:wireTypeDefs>
            <spirit:wireTypeDef>
              <spirit:typeName>std_logic_vector</spirit:typeName>
              <spirit:viewNameRef>xilinx_vhdlsynthesis</spirit:viewNameRef>
              <spirit:viewNameRef>xilinx_vhdlbehavioralsimulation</spirit:viewNameRef>
            </spirit:wireTypeDef>
          </spirit:wireTypeDefs>
        </spirit:wire>
      </spirit:port>
      <spirit:port>
        <spirit:name>s00_axi_rresp</spirit:name>
        <spirit:wire>
          <spirit:direction>out</spirit:direction>
          <spirit:vector>
            <spirit:left spirit:format="long">1</spirit:left>
            <spirit:right spirit:format="long">0</spirit:right>
          </spirit:vector>
          <spirit:wireTypeDefs>
            <spirit:wireTypeDef>
              <spirit:typeName>std_logic_vector</spirit:typeName>
              <spirit:viewNameRef>xilinx_vhdlsynthesis</spirit:viewNameRef>
              <spirit:viewNameRef>xilinx_vhdlbehavioralsimulation</spirit:viewNameRef>
            </spirit:wireTypeDef>
          </spirit:wireTypeDefs>
        </spirit:wire>
      </spirit:port>
      <spirit:port>
        <spirit:name>s00_axi_rvalid</spirit:name>
        <spirit:wire>
          <spirit:direction>out</spirit:direction>
          <spirit:wireTypeDefs>
            <spirit:wireTypeDef>
              <spirit:typeName>std_logic</spirit:typeName>
              <spirit:viewNameRef>xilinx_vhdlsynthesis</spirit:viewNameRef>
              <spirit:viewNameRef>xilinx_vhdlbehavioralsimulation</spirit:viewNameRef>
            </spirit:wireTypeDef>
          </spirit:wireTypeDefs>
        </spirit:wire>
      </spirit:port>
      <spirit:port>
        <spirit:name>s00_axi_rready</spirit:name>
        <spirit:wire>
          <spirit:direction>in</spirit:direction>
          <spirit:wireTypeDefs>
            <spirit:wireTypeDef>
              <spirit:typeName>std_logic</spirit:typeName>
              <spirit:viewNameRef>xilinx_vhdlsynthesis</spirit:viewNameRef>
              <spirit:viewNameRef>xilinx_vhdlbehavioralsimulation</spirit:viewNameRef>
            </spirit:wireTypeDef>
          </spirit:wireTypeDefs>
        </spirit:wire>
      </spirit:port>
    </spirit:ports>
    <spirit:modelParameters>
      <spirit:modelParameter xsi:type="spirit:nameValueTypeType" spirit:dataType="integer">
        <spirit:name>C_S00_AXI_DATA_WIDTH</spirit:name>
        <spirit:displayName>C S00 AXI DATA WIDTH</spirit:displayName>
        <spirit:description>Width of S_AXI data bus</spirit:description>
        <spirit:value spirit:format="long" spirit:resolve="generated" spirit:id="MODELPARAM_VALUE.C_S00_AXI_DATA_WIDTH" spirit:order="3" spirit:rangeType="long">32</spirit:value>
      </spirit:modelParameter>
      <spirit:modelParameter spirit:dataType="integer">
        <spirit:name>C_S00_AXI_ADDR_WIDTH</spirit:name>
        <spirit:displayName>C S00 AXI ADDR WIDTH</spirit:displayName>
        <spirit:description>Width of S_AXI address bus</spirit:description>
        <spirit:value spirit:format="long" spirit:resolve="generated" spirit:id="MODELPARAM_VALUE.C_S00_AXI_ADDR_WIDTH" spirit:order="4" spirit:rangeType="long">4</spirit:value>
      </spirit:modelParameter>
    </spirit:modelParameters>
  </spirit:model>
  <spirit:choices>
    <spirit:choice>
      <spirit:name>choice_list_6fc15197</spirit:name>
      <spirit:enumeration>32</spirit:enumeration>
    </spirit:choice>
    <spirit:choice>
      <spirit:name>choice_list_99a1d2b9</spirit:name>
      <spirit:enumeration>LEVEL_HIGH</spirit:enumeration>
      <spirit:enumeration>LEVEL_LOW</spirit:enumeration>
      <spirit:enumeration>EDGE_RISING</spirit:enumeration>
      <spirit:enumeration>EDGE_FALLING</spirit:enumeration>
    </spirit:choice>
    <spirit:choice>
      <spirit:name>choice_list_9d8b0d81</spirit:name>
      <spirit:enumeration>ACTIVE_HIGH</spirit:enumeration>
      <spirit:enumeration>ACTIVE_LOW</spirit:enumeration>
    </spirit:choice>
    <spirit:choice>
      <spirit:name>choice_pairs_ce1226b1</spirit:name>
      <spirit:enumeration spirit:text="true">1</spirit:enumeration>
      <spirit:enumeration spirit:text="false">0</spirit:enumeration>
    </spirit:choice>
  </spirit:choices>
  <spirit:fileSets>
    <spirit:fileSet>
      <spirit:name>xilinx_vhdlsynthesis_view_fileset</spirit:name>
      <spirit:file>
        <spirit:name>hdl/VGA_Disp_v1_0_S00_AXI.vhd</spirit:name>
        <spirit:fileType>vhdlSource</spirit:fileType>
      </spirit:file>
      <spirit:file>
        <spirit:name>src/affichage_logo.vhd</spirit:name>
        <spirit:fileType>vhdlSource</spirit:fileType>
      </spirit:file>
      <spirit:file>
        <spirit:name>src/cptadpixel.vhd</spirit:name>
        <spirit:fileType>vhdlSource</spirit:fileType>
      </spirit:file>
      <spirit:file>
        <spirit:name>src/det_logo.vhd</spirit:name>
        <spirit:fileType>vhdlSource</spirit:fileType>
      </spirit:file>
      <spirit:file>
        <spirit:name>src/disp_vga.vhd</spirit:name>
        <spirit:fileType>vhdlSource</spirit:fileType>
      </spirit:file>
      <spirit:file>
        <spirit:name>src/rvb.vhd</spirit:name>
        <spirit:fileType>vhdlSource</spirit:fileType>
      </spirit:file>
      <spirit:file>
        <spirit:name>src/synchro.vhd</spirit:name>
        <spirit:fileType>vhdlSource</spirit:fileType>
      </spirit:file>
      <spirit:file>
        <spirit:name>hdl/VGA_Disp_v1_0.vhd</spirit:name>
        <spirit:fileType>vhdlSource</spirit:fileType>
        <spirit:userFileType>CHECKSUM_88895eab</spirit:userFileType>
      </spirit:file>
    </spirit:fileSet>
    <spirit:fileSet>
      <spirit:name>xilinx_vhdlbehavioralsimulation_view_fileset</spirit:name>
      <spirit:file>
        <spirit:name>hdl/VGA_Disp_v1_0_S00_AXI.vhd</spirit:name>
        <spirit:fileType>vhdlSource</spirit:fileType>
      </spirit:file>
      <spirit:file>
        <spirit:name>src/affichage_logo.vhd</spirit:name>
        <spirit:fileType>vhdlSource</spirit:fileType>
      </spirit:file>
      <spirit:file>
        <spirit:name>src/cptadpixel.vhd</spirit:name>
        <spirit:fileType>vhdlSource</spirit:fileType>
      </spirit:file>
      <spirit:file>
        <spirit:name>src/det_logo.vhd</spirit:name>
        <spirit:fileType>vhdlSource</spirit:fileType>
      </spirit:file>
      <spirit:file>
        <spirit:name>src/disp_vga.vhd</spirit:name>
        <spirit:fileType>vhdlSource</spirit:fileType>
      </spirit:file>
      <spirit:file>
        <spirit:name>src/rvb.vhd</spirit:name>
        <spirit:fileType>vhdlSource</spirit:fileType>
      </spirit:file>
      <spirit:file>
        <spirit:name>src/synchro.vhd</spirit:name>
        <spirit:fileType>vhdlSource</spirit:fileType>
      </spirit:file>
      <spirit:file>
        <spirit:name>hdl/VGA_Disp_v1_0.vhd</spirit:name>
        <spirit:fileType>vhdlSource</spirit:fileType>
      </spirit:file>
    </spirit:fileSet>
    <spirit:fileSet>
      <spirit:name>xilinx_softwaredriver_view_fileset</spirit:name>
      <spirit:file>
        <spirit:name>drivers/VGA_Disp_v1_0/data/VGA_Disp.mdd</spirit:name>
        <spirit:userFileType>mdd</spirit:userFileType>
        <spirit:userFileType>driver_mdd</spirit:userFileType>
      </spirit:file>
      <spirit:file>
        <spirit:name>drivers/VGA_Disp_v1_0/data/VGA_Disp.tcl</spirit:name>
        <spirit:fileType>tclSource</spirit:fileType>
        <spirit:userFileType>driver_tcl</spirit:userFileType>
      </spirit:file>
      <spirit:file>
        <spirit:name>drivers/VGA_Disp_v1_0/src/Makefile</spirit:name>
        <spirit:userFileType>driver_src</spirit:userFileType>
      </spirit:file>
      <spirit:file>
        <spirit:name>drivers/VGA_Disp_v1_0/src/VGA_Disp.h</spirit:name>
        <spirit:fileType>cSource</spirit:fileType>
        <spirit:userFileType>driver_src</spirit:userFileType>
      </spirit:file>
      <spirit:file>
        <spirit:name>drivers/VGA_Disp_v1_0/src/VGA_Disp.c</spirit:name>
        <spirit:fileType>cSource</spirit:fileType>
        <spirit:userFileType>driver_src</spirit:userFileType>
      </spirit:file>
      <spirit:file>
        <spirit:name>drivers/VGA_Disp_v1_0/src/VGA_Disp_selftest.c</spirit:name>
        <spirit:fileType>cSource</spirit:fileType>
        <spirit:userFileType>driver_src</spirit:userFileType>
      </spirit:file>
    </spirit:fileSet>
    <spirit:fileSet>
      <spirit:name>xilinx_xpgui_view_fileset</spirit:name>
      <spirit:file>
        <spirit:name>xgui/VGA_Disp_v1_0.tcl</spirit:name>
        <spirit:fileType>tclSource</spirit:fileType>
        <spirit:userFileType>CHECKSUM_080b65eb</spirit:userFileType>
        <spirit:userFileType>XGUI_VERSION_2</spirit:userFileType>
      </spirit:file>
    </spirit:fileSet>
    <spirit:fileSet>
      <spirit:name>bd_tcl_view_fileset</spirit:name>
      <spirit:file>
        <spirit:name>bd/bd.tcl</spirit:name>
        <spirit:fileType>tclSource</spirit:fileType>
      </spirit:file>
    </spirit:fileSet>
  </spirit:fileSets>
  <spirit:description>My new AXI IP</spirit:description>
  <spirit:parameters>
    <spirit:parameter>
      <spirit:name>C_S00_AXI_DATA_WIDTH</spirit:name>
      <spirit:displayName>C S00 AXI DATA WIDTH</spirit:displayName>
      <spirit:description>Width of S_AXI data bus</spirit:description>
      <spirit:value spirit:format="long" spirit:resolve="user" spirit:id="PARAM_VALUE.C_S00_AXI_DATA_WIDTH" spirit:choiceRef="choice_list_6fc15197" spirit:order="3">32</spirit:value>
      <spirit:vendorExtensions>
        <xilinx:parameterInfo>
          <xilinx:enablement>
            <xilinx:isEnabled xilinx:id="PARAM_ENABLEMENT.C_S00_AXI_DATA_WIDTH">false</xilinx:isEnabled>
          </xilinx:enablement>
        </xilinx:parameterInfo>
      </spirit:vendorExtensions>
    </spirit:parameter>
    <spirit:parameter>
      <spirit:name>C_S00_AXI_ADDR_WIDTH</spirit:name>
      <spirit:displayName>C S00 AXI ADDR WIDTH</spirit:displayName>
      <spirit:description>Width of S_AXI address bus</spirit:description>
      <spirit:value spirit:format="long" spirit:resolve="user" spirit:id="PARAM_VALUE.C_S00_AXI_ADDR_WIDTH" spirit:order="4" spirit:rangeType="long">4</spirit:value>
      <spirit:vendorExtensions>
        <xilinx:parameterInfo>
          <xilinx:enablement>
            <xilinx:isEnabled xilinx:id="PARAM_ENABLEMENT.C_S00_AXI_ADDR_WIDTH">false</xilinx:isEnabled>
          </xilinx:enablement>
        </xilinx:parameterInfo>
      </spirit:vendorExtensions>
    </spirit:parameter>
    <spirit:parameter>
      <spirit:name>C_S00_AXI_BASEADDR</spirit:name>
      <spirit:displayName>C S00 AXI BASEADDR</spirit:displayName>
      <spirit:value spirit:format="bitString" spirit:resolve="user" spirit:id="PARAM_VALUE.C_S00_AXI_BASEADDR" spirit:order="5" spirit:bitStringLength="32">0xFFFFFFFF</spirit:value>
      <spirit:vendorExtensions>
        <xilinx:parameterInfo>
          <xilinx:enablement>
            <xilinx:isEnabled xilinx:id="PARAM_ENABLEMENT.C_S00_AXI_BASEADDR">false</xilinx:isEnabled>
          </xilinx:enablement>
        </xilinx:parameterInfo>
      </spirit:vendorExtensions>
    </spirit:parameter>
    <spirit:parameter>
      <spirit:name>C_S00_AXI_HIGHADDR</spirit:name>
      <spirit:displayName>C S00 AXI HIGHADDR</spirit:displayName>
      <spirit:value spirit:format="bitString" spirit:resolve="user" spirit:id="PARAM_VALUE.C_S00_AXI_HIGHADDR" spirit:order="6" spirit:bitStringLength="32">0x00000000</spirit:value>
      <spirit:vendorExtensions>
        <xilinx:parameterInfo>
          <xilinx:enablement>
            <xilinx:isEnabled xilinx:id="PARAM_ENABLEMENT.C_S00_AXI_HIGHADDR">false</xilinx:isEnabled>
          </xilinx:enablement>
        </xilinx:parameterInfo>
      </spirit:vendorExtensions>
    </spirit:parameter>
    <spirit:parameter>
      <spirit:name>Component_Name</spirit:name>
      <spirit:value spirit:resolve="user" spirit:id="PARAM_VALUE.Component_Name" spirit:order="1">VGA_Disp_v1_0</spirit:value>
    </spirit:parameter>
  </spirit:parameters>
  <spirit:vendorExtensions>
    <xilinx:coreExtensions>
      <xilinx:supportedFamilies>
        <xilinx:family xilinx:lifeCycle="Pre-Production">zynq</xilinx:family>
      </xilinx:supportedFamilies>
      <xilinx:taxonomies>
        <xilinx:taxonomy>AXI_Peripheral</xilinx:taxonomy>
      </xilinx:taxonomies>
      <xilinx:displayName>VGA_Disp_v1.0</xilinx:displayName>
      <xilinx:coreRevision>7</xilinx:coreRevision>
      <xilinx:coreCreationDateTime>2023-03-15T16:18:20Z</xilinx:coreCreationDateTime>
      <xilinx:tags>
        <xilinx:tag xilinx:name="ui.data.coregen.df@55968901_ARCHIVE_LOCATION">/home/gabriel/Documents/FPGA/ip_repo/VGA_Disp_1.0</xilinx:tag>
        <xilinx:tag xilinx:name="ui.data.coregen.df@4f225963_ARCHIVE_LOCATION">/home/gabriel/Documents/FPGA/ip_repo/VGA_Disp_1.0</xilinx:tag>
        <xilinx:tag xilinx:name="ui.data.coregen.df@7895a06_ARCHIVE_LOCATION">/home/gabriel/Documents/FPGA/ip_repo/VGA_Disp_1.0</xilinx:tag>
        <xilinx:tag xilinx:name="ui.data.coregen.df@1e66e562_ARCHIVE_LOCATION">/home/gabriel/Documents/FPGA/ip_repo/VGA_Disp_1.0</xilinx:tag>
        <xilinx:tag xilinx:name="ui.data.coregen.df@120968c1_ARCHIVE_LOCATION">/home/gabriel/Documents/FPGA/ip_repo/VGA_Disp_1.0</xilinx:tag>
        <xilinx:tag xilinx:name="ui.data.coregen.df@4ed49d74_ARCHIVE_LOCATION">/home/gabriel/Documents/FPGA/ip_repo/VGA_Disp_1.0</xilinx:tag>
        <xilinx:tag xilinx:name="ui.data.coregen.df@7594aeb3_ARCHIVE_LOCATION">/home/gabriel/Documents/FPGA/ip_repo/VGA_Disp_1.0</xilinx:tag>
        <xilinx:tag xilinx:name="ui.data.coregen.df@4ae7f861_ARCHIVE_LOCATION">/home/gabriel/Documents/FPGA/ip_repo/VGA_Disp_1.0</xilinx:tag>
        <xilinx:tag xilinx:name="ui.data.coregen.df@1066a81b_ARCHIVE_LOCATION">/home/gabriel/Documents/FPGA/ip_repo/VGA_Disp_1.0</xilinx:tag>
        <xilinx:tag xilinx:name="ui.data.coregen.df@5e91618e_ARCHIVE_LOCATION">/home/gabriel/Documents/FPGA/ip_repo/VGA_Disp_1.0</xilinx:tag>
        <xilinx:tag xilinx:name="ui.data.coregen.df@597948f6_ARCHIVE_LOCATION">/home/gabriel/Documents/FPGA/ip_repo/VGA_Disp_1.0</xilinx:tag>
        <xilinx:tag xilinx:name="ui.data.coregen.df@18684c8f_ARCHIVE_LOCATION">/home/gabriel/Documents/FPGA/ip_repo/VGA_Disp_1.0</xilinx:tag>
        <xilinx:tag xilinx:name="ui.data.coregen.df@17692762_ARCHIVE_LOCATION">/home/gabriel/Documents/FPGA/ip_repo/VGA_Disp_1.0</xilinx:tag>
        <xilinx:tag xilinx:name="ui.data.coregen.df@5d99dc77_ARCHIVE_LOCATION">/home/gabriel/Documents/FPGA/ip_repo/VGA_Disp_1.0</xilinx:tag>
        <xilinx:tag xilinx:name="ui.data.coregen.df@7d286eff_ARCHIVE_LOCATION">/home/gabriel/Documents/FPGA/ip_repo/VGA_Disp_1.0</xilinx:tag>
        <xilinx:tag xilinx:name="ui.data.coregen.df@692bb666_ARCHIVE_LOCATION">/home/gabriel/Documents/FPGA/ip_repo/VGA_Disp_1.0</xilinx:tag>
        <xilinx:tag xilinx:name="ui.data.coregen.df@4dd6e839_ARCHIVE_LOCATION">/home/gabriel/Documents/FPGA/ip_repo/VGA_Disp_1.0</xilinx:tag>
        <xilinx:tag xilinx:name="ui.data.coregen.df@7605fd8e_ARCHIVE_LOCATION">/home/gabriel/Documents/FPGA/ip_repo/VGA_Disp_1.0</xilinx:tag>
        <xilinx:tag xilinx:name="ui.data.coregen.df@7fce3864_ARCHIVE_LOCATION">/home/gabriel/Documents/FPGA/ip_repo/VGA_Disp_1.0</xilinx:tag>
        <xilinx:tag xilinx:name="ui.data.coregen.df@51b7b689_ARCHIVE_LOCATION">/home/gabriel/Documents/FPGA/ip_repo/VGA_Disp_1.0</xilinx:tag>
        <xilinx:tag xilinx:name="ui.data.coregen.df@38ec2675_ARCHIVE_LOCATION">/home/gabriel/Documents/FPGA/ip_repo/VGA_Disp_1.0</xilinx:tag>
        <xilinx:tag xilinx:name="ui.data.coregen.df@6806839c_ARCHIVE_LOCATION">/home/gabriel/Documents/FPGA/ip_repo/VGA_Disp_1.0</xilinx:tag>
        <xilinx:tag xilinx:name="ui.data.coregen.df@3a93fd0_ARCHIVE_LOCATION">/home/gabriel/Documents/FPGA/ip_repo/VGA_Disp_1.0</xilinx:tag>
        <xilinx:tag xilinx:name="ui.data.coregen.df@425fae2_ARCHIVE_LOCATION">/home/gabriel/Documents/FPGA/ip_repo/VGA_Disp_1.0</xilinx:tag>
        <xilinx:tag xilinx:name="ui.data.coregen.df@3931db5f_ARCHIVE_LOCATION">/home/gabriel/Documents/FPGA/ip_repo/VGA_Disp_1.0</xilinx:tag>
        <xilinx:tag xilinx:name="ui.data.coregen.df@7496760e_ARCHIVE_LOCATION">/home/gabriel/Documents/FPGA/ip_repo/VGA_Disp_1.0</xilinx:tag>
        <xilinx:tag xilinx:name="ui.data.coregen.df@7d609116_ARCHIVE_LOCATION">/home/gabriel/Documents/FPGA/ip_repo/VGA_Disp_1.0</xilinx:tag>
        <xilinx:tag xilinx:name="ui.data.coregen.df@6d0de53c_ARCHIVE_LOCATION">/home/gabriel/Documents/FPGA/ip_repo/VGA_Disp_1.0</xilinx:tag>
        <xilinx:tag xilinx:name="ui.data.coregen.df@29300ac6_ARCHIVE_LOCATION">/home/gabriel/Documents/FPGA/ip_repo/VGA_Disp_1.0</xilinx:tag>
        <xilinx:tag xilinx:name="ui.data.coregen.df@7c8dd9b4_ARCHIVE_LOCATION">/home/gabriel/Documents/FPGA/ip_repo/VGA_Disp_1.0</xilinx:tag>
        <xilinx:tag xilinx:name="ui.data.coregen.df@2d9000ef_ARCHIVE_LOCATION">/home/gabriel/Documents/FPGA/ip_repo/VGA_Disp_1.0</xilinx:tag>
        <xilinx:tag xilinx:name="ui.data.coregen.df@461fe8fe_ARCHIVE_LOCATION">/home/gabriel/Documents/FPGA/ip_repo/VGA_Disp_1.0</xilinx:tag>
        <xilinx:tag xilinx:name="ui.data.coregen.df@2252108f_ARCHIVE_LOCATION">/home/gabriel/Documents/FPGA/ip_repo/VGA_Disp_1.0</xilinx:tag>
        <xilinx:tag xilinx:name="ui.data.coregen.df@1803af13_ARCHIVE_LOCATION">/home/gabriel/Documents/FPGA/ip_repo/VGA_Disp_1.0</xilinx:tag>
        <xilinx:tag xilinx:name="ui.data.coregen.df@32a47f9c_ARCHIVE_LOCATION">/home/gabriel/Documents/FPGA/ip_repo/VGA_Disp_1.0</xilinx:tag>
        <xilinx:tag xilinx:name="ui.data.coregen.df@65e2d0b0_ARCHIVE_LOCATION">/home/gabriel/Documents/FPGA/ip_repo/VGA_Disp_1.0</xilinx:tag>
        <xilinx:tag xilinx:name="ui.data.coregen.df@30d74562_ARCHIVE_LOCATION">/home/gabriel/Documents/FPGA/ip_repo/VGA_Disp_1.0</xilinx:tag>
        <xilinx:tag xilinx:name="ui.data.coregen.df@5994ee08_ARCHIVE_LOCATION">/home/gabriel/Documents/FPGA/ip_repo/VGA_Disp_1.0</xilinx:tag>
        <xilinx:tag xilinx:name="ui.data.coregen.df@13329323_ARCHIVE_LOCATION">/home/gabriel/Documents/FPGA/ip_repo/VGA_Disp_1.0</xilinx:tag>
        <xilinx:tag xilinx:name="ui.data.coregen.df@3925ec76_ARCHIVE_LOCATION">/home/gabriel/Documents/FPGA/ip_repo/VGA_Disp_1.0</xilinx:tag>
        <xilinx:tag xilinx:name="ui.data.coregen.df@6a6e881_ARCHIVE_LOCATION">/home/gabriel/Documents/FPGA/ip_repo/VGA_Disp_1.0</xilinx:tag>
        <xilinx:tag xilinx:name="ui.data.coregen.df@7c9e8932_ARCHIVE_LOCATION">/home/gabriel/Documents/FPGA/ip_repo/VGA_Disp_1.0</xilinx:tag>
        <xilinx:tag xilinx:name="ui.data.coregen.df@512ebff1_ARCHIVE_LOCATION">/home/gabriel/Documents/FPGA/ip_repo/VGA_Disp_1.0</xilinx:tag>
        <xilinx:tag xilinx:name="ui.data.coregen.df@6a42ad32_ARCHIVE_LOCATION">/home/gabriel/Documents/FPGA/ip_repo/VGA_Disp_1.0</xilinx:tag>
        <xilinx:tag xilinx:name="ui.data.coregen.df@17d69469_ARCHIVE_LOCATION">/home/gabriel/Documents/FPGA/ip_repo/VGA_Disp_1.0</xilinx:tag>
        <xilinx:tag xilinx:name="ui.data.coregen.df@6b46b1b_ARCHIVE_LOCATION">/home/gabriel/Documents/FPGA/ip_repo/VGA_Disp_1.0</xilinx:tag>
        <xilinx:tag xilinx:name="ui.data.coregen.df@64e963bc_ARCHIVE_LOCATION">/home/gabriel/Documents/FPGA/ip_repo/VGA_Disp_1.0</xilinx:tag>
        <xilinx:tag xilinx:name="ui.data.coregen.df@41bda7f4_ARCHIVE_LOCATION">/home/gabriel/Documents/FPGA/ip_repo/VGA_Disp_1.0</xilinx:tag>
        <xilinx:tag xilinx:name="ui.data.coregen.df@2d0d40f5_ARCHIVE_LOCATION">/home/gabriel/Documents/FPGA/ip_repo/VGA_Disp_1.0</xilinx:tag>
        <xilinx:tag xilinx:name="ui.data.coregen.df@2282b3cf_ARCHIVE_LOCATION">/home/gabriel/Documents/FPGA/ip_repo/VGA_Disp_1.0</xilinx:tag>
        <xilinx:tag xilinx:name="ui.data.coregen.df@36ba37b7_ARCHIVE_LOCATION">/home/gabriel/Documents/FPGA/ip_repo/VGA_Disp_1.0</xilinx:tag>
        <xilinx:tag xilinx:name="ui.data.coregen.df@4d69ad6b_ARCHIVE_LOCATION">/home/gabriel/Documents/FPGA/ip_repo/VGA_Disp_1.0</xilinx:tag>
        <xilinx:tag xilinx:name="ui.data.coregen.df@38d221fb_ARCHIVE_LOCATION">/home/gabriel/Documents/FPGA/ip_repo/VGA_Disp_1.0</xilinx:tag>
        <xilinx:tag xilinx:name="ui.data.coregen.df@6f470fea_ARCHIVE_LOCATION">/home/gabriel/Documents/FPGA/ip_repo/VGA_Disp_1.0</xilinx:tag>
        <xilinx:tag xilinx:name="ui.data.coregen.df@20375b48_ARCHIVE_LOCATION">/home/gabriel/Documents/FPGA/ip_repo/VGA_Disp_1.0</xilinx:tag>
        <xilinx:tag xilinx:name="ui.data.coregen.df@2abaf4b7_ARCHIVE_LOCATION">/home/gabriel/Documents/FPGA/ip_repo/VGA_Disp_1.0</xilinx:tag>
        <xilinx:tag xilinx:name="ui.data.coregen.df@6a2b5b8d_ARCHIVE_LOCATION">/home/gabriel/Documents/FPGA/ip_repo/VGA_Disp_1.0</xilinx:tag>
        <xilinx:tag xilinx:name="ui.data.coregen.df@dd643a_ARCHIVE_LOCATION">/home/gabriel/Documents/FPGA/ip_repo/VGA_Disp_1.0</xilinx:tag>
        <xilinx:tag xilinx:name="ui.data.coregen.df@29aa4248_ARCHIVE_LOCATION">/home/gabriel/Documents/FPGA/ip_repo/VGA_Disp_1.0</xilinx:tag>
        <xilinx:tag xilinx:name="ui.data.coregen.df@2f97d797_ARCHIVE_LOCATION">/home/gabriel/Documents/FPGA/ip_repo/VGA_Disp_1.0</xilinx:tag>
        <xilinx:tag xilinx:name="ui.data.coregen.df@3674a689_ARCHIVE_LOCATION">/home/gabriel/Documents/FPGA/ip_repo/VGA_Disp_1.0</xilinx:tag>
        <xilinx:tag xilinx:name="ui.data.coregen.df@641da035_ARCHIVE_LOCATION">/home/gabriel/Documents/FPGA/ip_repo/VGA_Disp_1.0</xilinx:tag>
        <xilinx:tag xilinx:name="ui.data.coregen.df@75edce59_ARCHIVE_LOCATION">/home/gabriel/Documents/FPGA/ip_repo/VGA_Disp_1.0</xilinx:tag>
        <xilinx:tag xilinx:name="ui.data.coregen.df@212e248_ARCHIVE_LOCATION">/home/gabriel/Documents/FPGA/ip_repo/VGA_Disp_1.0</xilinx:tag>
        <xilinx:tag xilinx:name="ui.data.coregen.df@7faca706_ARCHIVE_LOCATION">/home/gabriel/Documents/FPGA/ip_repo/VGA_Disp_1.0</xilinx:tag>
        <xilinx:tag xilinx:name="ui.data.coregen.df@7df22397_ARCHIVE_LOCATION">/home/gabriel/Documents/FPGA/ip_repo/VGA_Disp_1.0</xilinx:tag>
        <xilinx:tag xilinx:name="ui.data.coregen.df@1bf0c1d9_ARCHIVE_LOCATION">/home/gabriel/Documents/FPGA/ip_repo/VGA_Disp_1.0</xilinx:tag>
        <xilinx:tag xilinx:name="ui.data.coregen.df@281cd7c2_ARCHIVE_LOCATION">/home/gabriel/Documents/FPGA/ip_repo/VGA_Disp_1.0</xilinx:tag>
        <xilinx:tag xilinx:name="ui.data.coregen.df@642b329e_ARCHIVE_LOCATION">/home/gabriel/Documents/FPGA/ip_repo/VGA_Disp_1.0</xilinx:tag>
        <xilinx:tag xilinx:name="ui.data.coregen.df@317a9036_ARCHIVE_LOCATION">/home/gabriel/Documents/FPGA/ip_repo/VGA_Disp_1.0</xilinx:tag>
        <xilinx:tag xilinx:name="ui.data.coregen.df@7b2b0dd5_ARCHIVE_LOCATION">/home/gabriel/Documents/FPGA/ip_repo/VGA_Disp_1.0</xilinx:tag>
        <xilinx:tag xilinx:name="ui.data.coregen.df@355ba2d0_ARCHIVE_LOCATION">/home/gabriel/Documents/FPGA/ip_repo/VGA_Disp_1.0</xilinx:tag>
        <xilinx:tag xilinx:name="ui.data.coregen.df@346b5372_ARCHIVE_LOCATION">/home/gabriel/Documents/FPGA/ip_repo/VGA_Disp_1.0</xilinx:tag>
        <xilinx:tag xilinx:name="ui.data.coregen.df@b1a999e_ARCHIVE_LOCATION">/home/gabriel/Documents/FPGA/ip_repo/VGA_Disp_1.0</xilinx:tag>
        <xilinx:tag xilinx:name="ui.data.coregen.df@74d304fe_ARCHIVE_LOCATION">/home/gabriel/Documents/FPGA/ip_repo/VGA_Disp_1.0</xilinx:tag>
        <xilinx:tag xilinx:name="ui.data.coregen.df@36b7e05_ARCHIVE_LOCATION">/home/gabriel/Documents/FPGA/ip_repo/VGA_Disp_1.0</xilinx:tag>
        <xilinx:tag xilinx:name="ui.data.coregen.df@66fa0d37_ARCHIVE_LOCATION">/home/gabriel/Documents/FPGA/ip_repo/VGA_Disp_1.0</xilinx:tag>
        <xilinx:tag xilinx:name="ui.data.coregen.df@47a135d7_ARCHIVE_LOCATION">/home/gabriel/Documents/FPGA/ip_repo/VGA_Disp_1.0</xilinx:tag>
        <xilinx:tag xilinx:name="ui.data.coregen.df@25f85ac0_ARCHIVE_LOCATION">/home/gabriel/Documents/FPGA/ip_repo/VGA_Disp_1.0</xilinx:tag>
        <xilinx:tag xilinx:name="ui.data.coregen.df@17983939_ARCHIVE_LOCATION">/home/gabriel/Documents/FPGA/ip_repo/VGA_Disp_1.0</xilinx:tag>
        <xilinx:tag xilinx:name="ui.data.coregen.df@77aab5f5_ARCHIVE_LOCATION">/home/gabriel/Documents/FPGA/ip_repo/VGA_Disp_1.0</xilinx:tag>
        <xilinx:tag xilinx:name="ui.data.coregen.df@5922900a_ARCHIVE_LOCATION">/home/gabriel/Documents/FPGA/ip_repo/VGA_Disp_1.0</xilinx:tag>
        <xilinx:tag xilinx:name="ui.data.coregen.df@4e6d3098_ARCHIVE_LOCATION">/home/gabriel/Documents/FPGA/ip_repo/VGA_Disp_1.0</xilinx:tag>
        <xilinx:tag xilinx:name="ui.data.coregen.df@2935ed2f_ARCHIVE_LOCATION">/home/gabriel/Documents/FPGA/ip_repo/VGA_Disp_1.0</xilinx:tag>
        <xilinx:tag xilinx:name="ui.data.coregen.df@3c6ce09e_ARCHIVE_LOCATION">/home/gabriel/Documents/FPGA/ip_repo/VGA_Disp_1.0</xilinx:tag>
        <xilinx:tag xilinx:name="ui.data.coregen.df@4eba470_ARCHIVE_LOCATION">/home/gabriel/Documents/FPGA/ip_repo/VGA_Disp_1.0</xilinx:tag>
        <xilinx:tag xilinx:name="ui.data.coregen.df@505774c5_ARCHIVE_LOCATION">/home/gabriel/Documents/FPGA/ip_repo/VGA_Disp_1.0</xilinx:tag>
        <xilinx:tag xilinx:name="ui.data.coregen.df@8834f3a_ARCHIVE_LOCATION">/home/gabriel/Documents/FPGA/ip_repo/VGA_Disp_1.0</xilinx:tag>
        <xilinx:tag xilinx:name="ui.data.coregen.df@75a1b35e_ARCHIVE_LOCATION">/home/gabriel/Documents/FPGA/ip_repo/VGA_Disp_1.0</xilinx:tag>
        <xilinx:tag xilinx:name="ui.data.coregen.df@5e7ddbad_ARCHIVE_LOCATION">/home/gabriel/Documents/FPGA/ip_repo/VGA_Disp_1.0</xilinx:tag>
        <xilinx:tag xilinx:name="ui.data.coregen.df@5875e058_ARCHIVE_LOCATION">/home/gabriel/Documents/FPGA/ip_repo/VGA_Disp_1.0</xilinx:tag>
        <xilinx:tag xilinx:name="ui.data.coregen.df@4539103d_ARCHIVE_LOCATION">/home/gabriel/Documents/FPGA/ip_repo/VGA_Disp_1.0</xilinx:tag>
        <xilinx:tag xilinx:name="ui.data.coregen.df@56c63ead_ARCHIVE_LOCATION">/home/gabriel/Documents/FPGA/ip_repo/VGA_Disp_1.0</xilinx:tag>
        <xilinx:tag xilinx:name="ui.data.coregen.df@420c7862_ARCHIVE_LOCATION">/home/gabriel/Documents/FPGA/ip_repo/VGA_Disp_1.0</xilinx:tag>
        <xilinx:tag xilinx:name="ui.data.coregen.df@3404b488_ARCHIVE_LOCATION">/home/gabriel/Documents/FPGA/ip_repo/VGA_Disp_1.0</xilinx:tag>
        <xilinx:tag xilinx:name="ui.data.coregen.df@5f874308_ARCHIVE_LOCATION">/home/gabriel/Documents/FPGA/ip_repo/VGA_Disp_1.0</xilinx:tag>
        <xilinx:tag xilinx:name="ui.data.coregen.df@129d8b9b_ARCHIVE_LOCATION">/home/gabriel/Documents/FPGA/ip_repo/VGA_Disp_1.0</xilinx:tag>
        <xilinx:tag xilinx:name="ui.data.coregen.df@26cac0ea_ARCHIVE_LOCATION">/home/gabriel/Documents/FPGA/ip_repo/VGA_Disp_1.0</xilinx:tag>
        <xilinx:tag xilinx:name="ui.data.coregen.df@3ada8428_ARCHIVE_LOCATION">/home/gabriel/Documents/FPGA/ip_repo/VGA_Disp_1.0</xilinx:tag>
        <xilinx:tag xilinx:name="ui.data.coregen.df@4674a657_ARCHIVE_LOCATION">/home/gabriel/Documents/FPGA/ip_repo/VGA_Disp_1.0</xilinx:tag>
        <xilinx:tag xilinx:name="ui.data.coregen.df@7d4cb5cb_ARCHIVE_LOCATION">/home/gabriel/Documents/FPGA/ip_repo/VGA_Disp_1.0</xilinx:tag>
        <xilinx:tag xilinx:name="ui.data.coregen.df@c505a1b_ARCHIVE_LOCATION">/home/gabriel/Documents/FPGA/ip_repo/VGA_Disp_1.0</xilinx:tag>
        <xilinx:tag xilinx:name="ui.data.coregen.df@5cac4cda_ARCHIVE_LOCATION">/home/gabriel/Documents/FPGA/ip_repo/VGA_Disp_1.0</xilinx:tag>
        <xilinx:tag xilinx:name="ui.data.coregen.df@3e9588c7_ARCHIVE_LOCATION">/home/gabriel/Documents/FPGA/ip_repo/VGA_Disp_1.0</xilinx:tag>
        <xilinx:tag xilinx:name="ui.data.coregen.df@6f7ffbf8_ARCHIVE_LOCATION">/home/gabriel/Documents/FPGA/ip_repo/VGA_Disp_1.0</xilinx:tag>
        <xilinx:tag xilinx:name="ui.data.coregen.df@5551ba6f_ARCHIVE_LOCATION">/home/gabriel/Documents/FPGA/ip_repo/VGA_Disp_1.0</xilinx:tag>
        <xilinx:tag xilinx:name="ui.data.coregen.df@70ae94ff_ARCHIVE_LOCATION">/home/gabriel/Documents/FPGA/ip_repo/VGA_Disp_1.0</xilinx:tag>
        <xilinx:tag xilinx:name="ui.data.coregen.df@6d675935_ARCHIVE_LOCATION">/home/gabriel/Documents/FPGA/ip_repo/VGA_Disp_1.0</xilinx:tag>
        <xilinx:tag xilinx:name="ui.data.coregen.df@41e430b4_ARCHIVE_LOCATION">/home/gabriel/Documents/FPGA/ip_repo/VGA_Disp_1.0</xilinx:tag>
        <xilinx:tag xilinx:name="ui.data.coregen.df@33697183_ARCHIVE_LOCATION">/home/gabriel/Documents/FPGA/ip_repo/VGA_Disp_1.0</xilinx:tag>
        <xilinx:tag xilinx:name="ui.data.coregen.df@4f02a44d_ARCHIVE_LOCATION">/home/gabriel/Documents/FPGA/ip_repo/VGA_Disp_1.0</xilinx:tag>
        <xilinx:tag xilinx:name="ui.data.coregen.df@2a27178b_ARCHIVE_LOCATION">/home/gabriel/Documents/FPGA/ip_repo/VGA_Disp_1.0</xilinx:tag>
        <xilinx:tag xilinx:name="ui.data.coregen.df@5cfa399c_ARCHIVE_LOCATION">/home/gabriel/Documents/FPGA/ip_repo/VGA_Disp_1.0</xilinx:tag>
        <xilinx:tag xilinx:name="ui.data.coregen.df@4c4af221_ARCHIVE_LOCATION">/home/gabriel/Documents/FPGA/ip_repo/VGA_Disp_1.0</xilinx:tag>
        <xilinx:tag xilinx:name="ui.data.coregen.df@2078408c_ARCHIVE_LOCATION">/home/gabriel/Documents/FPGA/ip_repo/VGA_Disp_1.0</xilinx:tag>
        <xilinx:tag xilinx:name="ui.data.coregen.df@15a74433_ARCHIVE_LOCATION">/home/gabriel/Documents/FPGA/ip_repo/VGA_Disp_1.0</xilinx:tag>
        <xilinx:tag xilinx:name="ui.data.coregen.df@3cc5d4bf_ARCHIVE_LOCATION">/home/gabriel/Documents/FPGA/ip_repo/VGA_Disp_1.0</xilinx:tag>
        <xilinx:tag xilinx:name="ui.data.coregen.df@7115f7e3_ARCHIVE_LOCATION">/home/gabriel/Documents/FPGA/ip_repo/VGA_Disp_1.0</xilinx:tag>
        <xilinx:tag xilinx:name="ui.data.coregen.df@522d28ce_ARCHIVE_LOCATION">/home/gabriel/Documents/FPGA/ip_repo/VGA_Disp_1.0</xilinx:tag>
        <xilinx:tag xilinx:name="ui.data.coregen.df@3071c92f_ARCHIVE_LOCATION">/home/gabriel/Documents/FPGA/ip_repo/VGA_Disp_1.0</xilinx:tag>
        <xilinx:tag xilinx:name="ui.data.coregen.df@7dfa011c_ARCHIVE_LOCATION">/home/gabriel/Documents/FPGA/ip_repo/VGA_Disp_1.0</xilinx:tag>
        <xilinx:tag xilinx:name="ui.data.coregen.df@64f6511b_ARCHIVE_LOCATION">/home/gabriel/Documents/FPGA/ip_repo/VGA_Disp_1.0</xilinx:tag>
        <xilinx:tag xilinx:name="ui.data.coregen.df@7582cd5f_ARCHIVE_LOCATION">/home/gabriel/Documents/FPGA/ip_repo/VGA_Disp_1.0</xilinx:tag>
        <xilinx:tag xilinx:name="ui.data.coregen.df@fce67ee_ARCHIVE_LOCATION">/home/gabriel/Documents/FPGA/ip_repo/VGA_Disp_1.0</xilinx:tag>
        <xilinx:tag xilinx:name="ui.data.coregen.df@36228265_ARCHIVE_LOCATION">/home/gabriel/Documents/FPGA/ip_repo/VGA_Disp_1.0</xilinx:tag>
        <xilinx:tag xilinx:name="ui.data.coregen.df@5a56a18f_ARCHIVE_LOCATION">/home/gabriel/Documents/FPGA/ip_repo/VGA_Disp_1.0</xilinx:tag>
        <xilinx:tag xilinx:name="ui.data.coregen.df@5e1d050c_ARCHIVE_LOCATION">/home/gabriel/Documents/FPGA/ip_repo/VGA_Disp_1.0</xilinx:tag>
      </xilinx:tags>
    </xilinx:coreExtensions>
    <xilinx:packagingInfo>
      <xilinx:xilinxVersion>2021.2</xilinx:xilinxVersion>
      <xilinx:checksum xilinx:scope="busInterfaces" xilinx:value="e3717681"/>
      <xilinx:checksum xilinx:scope="memoryMaps" xilinx:value="ed1368d5"/>
      <xilinx:checksum xilinx:scope="fileGroups" xilinx:value="52385166"/>
      <xilinx:checksum xilinx:scope="ports" xilinx:value="9e9152c7"/>
      <xilinx:checksum xilinx:scope="hdlParameters" xilinx:value="6992ea72"/>
      <xilinx:checksum xilinx:scope="parameters" xilinx:value="f43b6110"/>
    </xilinx:packagingInfo>
  </spirit:vendorExtensions>
</spirit:component>
